frame_nmr,car_id,car_bbox,license_plate_bbox,license_plate_bbox_score,license_number,license_number_score
10,1.0,[213.42211585855574 802.4265740801142 755.7990049414343 1285.9589192147182],[475.75872802734375 1175.7862548828125 617.862548828125 1226.64453125],0.6698504686355591,UR447KE,0.2595996086067831
